Model,Inference Time (ms)
LightGBM,64.20350074768066
XGBoost,33.22911262512207
CatBoost,21.61264419555664
