Model,Accuracy,Precision,Recall,F1
OOF Ensemble,0.9526643362605508,0.9369708372530574,0.715688622754491,0.8115154807170016
